Incident Number,Incident Name,Incident Type,Latitude,Longitude,Size,Unit of Measure,Costs,Structures Destroyed,Fire Name,start_date,year,county,cost_per_acre,structures_per_acre
CA-LNU-0005333,BUTTS,WF,39,123,3200.0,Acres,6500000.0,5,BUTTS,2014-07-01,2014,Lake,2031.25,0.0015625
CA-AEU-018237,SAND,WF,39,121,4240.0,Acres,875500.0,67,SAND,2014-07-25,2014,Placer,206.48584905660377,0.01580188679245283
CA-NEU-021465,DOG BAR,WF,39,121,247.0,Acres,1200000.0,5,DOG BAR,2014-09-13,2014,Placer,4858.299595141701,0.020242914979757085
CA-NOD-002798,COLEMAN,WF,42,120,15246.0,Acres,6100000.0,0,COLEMAN,2014-07-01,2014,Modoc,400.104945559491,0.0
CA-ENF-023461,KING,WF,39,121,97717.0,Acres,119000000.0,80,KING,2014-09-13,2014,Placer,1217.8024294646787,0.0008186907088838176
CA-SHU-007763,Oregon,WF,41,123,580.0,Acres,2264876.0,1,OREGON,2014-08-24,2014,Siskiyou,3904.958620689655,0.0017241379310344827
CA-MDF-000357,GULCH,WF,41,121,1469.0,Acres,2050000.0,0,GULCH,2014-07-03,2014,Shasta,1395.507147719537,0.0
CA-AEU-023335,KING,WF,39,121,11570.0,Acres,2900000.0,0,KING,2014-09-13,2014,Placer,250.64822817631807,0.0
CA-KNF-005511,WHITES,WF,41,123,3294.0,Acres,500000.0,0,WHITES,2014-07-31,2014,Siskiyou,151.79113539769278,0.0
CA-KNF-006014,Faulkstein,WF,42,122,300.0,Acres,20000.0,0,FAULKSTEIN,2014-08-11,2014,Siskiyou,66.66666666666667,0.0
CA-MDF-000344,MODOC JULY COMPLEX,WF,42,121,2566.0,Acres,5250000.0,0,MODOC JULY COMPLEX,2014-07-01,2014,Klamath,2045.9859703819175,0.0
CA-HIA-14-211,BALD HILL 3,WF,41,124,210.0,Acres,1900000.0,0,BALD HILL 3,2014-09-13,2014,Humboldt,9047.619047619048,0.0
CA-LMU-003472,DAY,WF,41,121,13153.0,Acres,15900000.0,10,DAY,2014-07-30,2014,Shasta,1208.849692085456,0.0007602828252109785
CA-SKU-007064,BOLES,WF,41,122,516.0,Acres,7009478.0,239,BOLES,2014-09-15,2014,Shasta,13584.25968992248,0.4631782945736434
CA-LNU-006737,Thirty One 2,WF,39,122,369.0,Acres,100000.0,0,THIRTY ONE 2,2014-08-09,2014,Colusa,271.00271002710025,0.0
CA-MDF-000332,Dobie,WF,42,121,250.0,Acres,100000.0,0,DOBIE,2014-07-02,2014,Klamath,400.0,0.0
CA-MDF-000347,Dalton,WF,42,121,400.0,Acres,100000.0,0,DALTON,2014-07-02,2014,Klamath,250.0,0.0
CA-KNF-006000,Man,WF,42,123,180.0,Acres,50000.0,0,MAN,2014-08-12,2014,Siskiyou,277.77777777777777,0.0
CA-BTU-010700,WEB,WF,40,122,389.0,Acres,2155796.0,0,WEB,2014-07-28,2014,Tehama,5541.892030848329,0.0
CA-KNF-005514,LOG,WF,42,123,3632.0,Acres,49873117.0,0,LOG,2014-07-30,2014,Siskiyou,13731.585077092512,0.0
CA-LNF-003479,Bald,WF,41,121,39736.0,Acres,10750000.0,0,BALD,2014-07-30,2014,Shasta,270.535534527884,0.0
CA-LNU-005333,BUTTS,WF,39,122,4300.0,Acres,7200000.0,9,BUTTS,2014-07-01,2014,Colusa,1674.4186046511627,0.0020930232558139536
CA-LNU-005465,Monticello,WF,39,122,6488.0,Acres,9456404.0,0,MONTICELLO,2014-07-04,2014,Colusa,1457.5221948212084,0.0
CA-NOD-003320,MALT,WF,42,120,1054.0,Acres,481000.0,0,MALT,2014-07-23,2014,Modoc,456.35673624288427,0.0
CA-NEU-023454,APPLEGATE,WF,39,121,459.0,Acres,7680985.0,10,APPLEGATE,2014-10-08,2014,Placer,16734.172113289762,0.02178649237472767
CA-KNF-005497,KNF Beaver,WF,42,123,32496.0,Acres,27128721.0,6,KNF BEAVER,2014-07-30,2014,Siskiyou,834.8326255539143,0.00018463810930576072
CA-KNF-006010,KEMPER,WF,42,123,152.0,Acres,80000.0,0,KEMPER,2014-08-11,2014,Siskiyou,526.3157894736842,0.0
CA-SWR-001266,TRACT 17,WF,39,122,395.0,Acres,12000.0,0,TRACT 17,2014-09-17,2014,Colusa,30.379746835443036,0.0
CA-SHF-002423,COFFEE COMPLEX,WF,41,123,6178.0,Acres,5400000.0,0,COFFEE COMPLEX,2014-08-02,2014,Siskiyou,874.0692780835221,0.0
CA-LNF-003502,EILER,WF,41,122,32416.0,Acres,26334929.0,21,EILER,2014-07-31,2014,Shasta,812.4052628331688,0.0006478282329713722
CA-MEU-007202,LODGE COMPLEX,WF,40,124,12536.0,Acres,41500000.0,0,LODGE COMPLEX,2014-07-30,2014,Humboldt,3310.465858328015,0.0
CA-MEU-008882,BLACK,WF,39,123,403.0,Acres,1159000.0,11,BLACK,2014-09-13,2014,Lake,2875.9305210918114,0.02729528535980149
CA-KNF-005575,LITTLE DEER,WF,42,122,5503.0,Acres,4375000.0,1,LITTLE DEER,2014-07-31,2014,Siskiyou,795.0208976921679,0.00018171906232963838
CA-KNF-005991,Delta,WF,42,123,150.0,Acres,45000.0,0,DELTA,2014-08-11,2014,Siskiyou,300.0,0.0
CA-KNF-005956,Happy Camp Complex,WF,42,123,134056.0,Acres,88214725.0,6,HAPPY CAMP COMPLEX,2014-08-14,2014,Siskiyou,658.0438398878081,4.4757414811720473e-05
CA-SHU-006248,BULLY,WF,40,123,12661.0,Acres,23865759.0,20,BULLY,2014-07-11,2014,Trinity,1884.98214990917,0.0015796540557617882
CA-SHU-008322,GULCH,WF,41,122,1375.0,Acres,5522123.0,4,GULCH,2014-09-10,2014,Shasta,4016.0894545454544,0.002909090909090909
CA-KNF-006008,Frying Pan,WF,42,123,1066.0,Acres,125000.0,0,FRYING PAN,2014-08-11,2014,Siskiyou,117.26078799249531,0.0
CA-KNF-005564,JULY COMPLEX,WF,41,123,50042.0,Acres,50440981.0,2,JULY COMPLEX,2014-08-03,2014,Siskiyou,1007.9729227448943,3.996642820031174e-05
CA-SHF-002410,Coffee,WF,41,123,4665.0,Acres,1500000.0,0,COFFEE,2014-07-30,2014,Siskiyou,321.54340836012864,0.0
CA-MCP-001352,Pulgas,WF,34,117,6500.0,Acres,100000.0,0,PULGAS,2014-05-15,2014,San Bernardino,15.384615384615385,0.0
CA-ANF-004034,TECOLOTE,WF,34,118,274.0,Acres,1500000.0,0,TECOLOTE,2014-08-17,2014,Los Angeles,5474.4525547445255,0.0
CA-TCU-005028,HETCHY,WF,38,120,269.0,Acres,10000.0,0,HETCHY,2014-06-05,2014,Tuolumne,37.174721189591075,0.0
CA-MCP-001359,Combat,WF,33,118,300.0,Acres,10000.0,0,COMBAT,2014-05-16,2014,San Diego,33.333333333333336,0.0
CA-BDF-006646,ETIWANDA,WF,34,118,2143.0,Acres,4000000.0,0,ETIWANDA,2014-04-30,2014,Los Angeles,1866.5422305179654,0.0
CA-BDU-004595,BRIDGES,WF,37,118,113.0,Acres,380897.0,0,BRIDGES,2014-04-19,2014,Inyo,3370.7699115044247,0.0
CA-FKU-1194,Lake,WF,37,119,106.0,Acres,340074.0,0,LAKE,2014-01-25,2014,Fresno,3208.245283018868,0.0
CA-CND-003148,WAY,WF,36,118,4045.0,Acres,6900000.0,12,WAY,2014-08-18,2014,Kern,1705.8096415327566,0.0029666254635352285
CA-MMU-015818,BRIDGE,WF,37,120,300.0,Acres,5404338.0,0,BRIDGE,2014-09-05,2014,Madera,18014.46,0.0
CA-TCU-005584,REED,WF,38,121,109.0,Acres,100000.0,0,REED,2014-06-20,2014,San Joaquin,917.4311926605504,0.0
CA-YNP-000124,DOG ROCK,WF,38,120,311.0,Acres,2540000.0,0,DOG ROCK,2014-10-07,2014,Tuolumne,8167.202572347267,0.0
CA-MCP-001554,Tomahawk,WF,33,117,5400.0,Acres,500000.0,0,TOMAHAWK,2014-05-14,2014,San Diego,92.5925925925926,0.0
CA-MVU-010055,Bernardo,WF,33,117,1548.0,Acres,2700000.0,0,BERNARDO,2014-05-13,2014,San Diego,1744.1860465116279,0.0
CA-MVU-010212,Cocos,WF,33,117,800.0,Acres,6413677.0,0,COCOS,2014-05-14,2014,San Diego,8017.09625,0.0
CA-YNP-000101,Meadow,WF,38,120,4772.0,Acres,4905000.0,0,MEADOW,2014-08-15,2014,Tuolumne,1027.8709136630343,0.0
CA-LAC-065279,Pine Fire,WF,35,119,109.0,Acres,1800000.0,0,PINE FIRE,2014-03-14,2014,Kern,16513.761467889908,0.0
CA-ANF-003975,Shoemaker,WF,34,125,190.0,Acres,700000.0,0,SHOEMAKER,2014-08-14,2014,Los Angeles,3684.2105263157896,0.0
CA-MMU-008974,Hunter,WF,38,120,677.0,Acres,4448044.0,3,HUNTER,2014-05-26,2014,Tuolumne,6570.227474150664,0.004431314623338257
CA-MMU-014633,JUNCTION,WF,37,120,612.0,Acres,4917095.05,47,JUNCTION,2014-08-18,2014,Madera,8034.469035947712,0.07679738562091504
CA-MVU-010242,San Diego Complex,WF,33,117,2436.0,Acres,11519214.0,43,SAN DIEGO COMPLEX,2014-05-14,2014,San Diego,4728.741379310345,0.017651888341543513
CA-FHL-001739,HILL,WF,36,121,206.0,Acres,800000.0,0,HILL,2014-06-23,2014,Monterey,3883.4951456310678,0.0
CA-ANF-231,Colby,WF,34,118,1952.0,Acres,6999000.0,15,COLBY,2014-01-16,2014,Los Angeles,3585.5532786885246,0.007684426229508197
CA-CNF-002873,Silverado,WF,34,118,959.0,Acres,4930000.0,0,SILVERADO,2014-09-12,2014,Los Angeles,5140.771637122002,0.0
CA-SQF-120,SODA,WF,36,119,1612.0,Acres,520000.0,0,SODA,2014-01-14,2014,Tulare,322.5806451612903,0.0
CA-SNF-001619,FRENCH,WF,37,119,13838.0,Acres,21600000.0,0,FRENCH,2014-07-28,2014,Fresno,1560.9192079780314,0.0
CA-SQF-002381,NICOLLS,WF,36,118,1680.0,Acres,7000000.0,0,NICOLLS,2014-07-11,2014,Kern,4166.666666666667,0.0
CA-YNP-000057,Dark Hole,WF,38,120,1080.0,Acres,1050582.0,0,DARK HOLE,2014-07-16,2014,Tuolumne,972.7611111111111,0.0
CA-TCU-004986,59,WF,38,120,487.0,Acres,15000.0,0,59,2014-06-04,2014,Tuolumne,30.80082135523614,0.0
CA-FHL-001693,Stony,WF,36,121,4840.0,Acres,180000.0,0,STONY,2014-06-19,2014,Monterey,37.1900826446281,0.0
CA-SBC-005573,MIGUELITO,WF,35,120,632.0,Acres,1200000.0,0,MIGUELITO,2014-05-13,2014,Santa Barbara,1898.73417721519,0.0
CA-CNF-000599,GUN,WF,33,116,270.0,Acres,610000.0,0,GUN,2014-03-08,2014,San Diego,2259.259259259259,0.0
CA-MMU-016429,COURTNEY,WF,37,120,320.0,Acres,4400000.0,49,COURTNEY,2014-09-14,2014,Madera,13750.0,0.153125
CA-MVU-010173,Highway,WF,33,117,441.0,Acres,911841.0,0,HIGHWAY,2014-05-14,2014,San Diego,2067.6666666666665,0.0
CA-MVU-014049,BANNER,WF,33,117,217.0,Acres,1124000.0,3,BANNER,2014-07-03,2014,San Diego,5179.723502304148,0.013824884792626729
CA-YNP-000083,El Portal,WF,38,120,4689.0,Acres,10710000.0,2,EL PORTAL,2014-07-26,2014,Tuolumne,2284.0690978886755,0.00042653017701002344
CA-BEU-001099,ENCINAL,WF,37,121,400.0,Acres,330000.0,0,ENCINAL,2014-03-19,2014,Merced,825.0,0.0
CA-MMU-010067,HAIGH,WF,38,120,130.0,Acres,950000.0,0,HAIGH,2014-06-10,2014,Tuolumne,7307.692307692308,0.0
CA-SQF-001850,SHIRLEY,WF,36,119,2545.0,Acres,12000000.0,4,SHIRLEY,2014-06-13,2014,Tulare,4715.127701375246,0.0015717092337917485
CA-FHL-001818,Loop,WF,36,121,500.0,Acres,1500000.0,0,LOOP,2014-06-30,2014,Monterey,3000.0,0.0
CA--BRR-001126,SCHOOL,WF,35,119,238.5,Acres,225000.0,0,SCHOOL,2014-04-30,2014,Kern,943.3962264150944,0.0
CA-LNU-008268,ELK,WF,39,123,673.0,Acres,3100000.0,0,ELK,2015-09-02,2015,Lake,4606.240713224369,0.0
CA-SRF-001470,NICKOWITZ,WF,41,124,7509.0,Acres,11600000.0,0,NICKOWITZ,2015-08-01,2015,Humboldt,1544.81289119723,0.0
CA-PNF-000303,WARD,WF,40,121,137.0,Acres,452000.0,0,WARD,2015-04-14,2015,Plumas,3299.2700729927005,0.0
CA-BTU-0013357,LUMPKIN,WF,40,121,1042.0,Acres,4798377.0,0,LUMPKIN,2015-09-11,2015,Plumas,4604.968330134357,0.0
CA-HUU-006254,HORSE,WF,40,124,146.0,Acres,8700000.0,0,HORSE,2015-08-18,2015,Humboldt,59589.04109589041,0.0
CA-SHF-002108,SOUTH COMPLEX,WF,41,123,29416.0,Acres,31770000.0,3,SOUTH COMPLEX,2015-08-01,2015,Siskiyou,1080.0244764753875,0.00010198531411476747
CA-SHU-008300,DEMOCRAT,WF,41,123,128.0,Acres,1499592.0,0,DEMOCRAT,2015-08-25,2015,Siskiyou,11715.5625,0.0
CA-SRF-001488,Gasquet Complex,WF,42,124,30361.0,Acres,42548342.0,0,GASQUET COMPLEX,2015-08-01,2015,Del Norte,1401.4143802905044,0.0
CA-SHU-007337,BARKER,WF,41,123,2124.0,Acres,250000.0,0,BARKER,2015-07-31,2015,Siskiyou,117.70244821092278,0.0
CA-LNU-006678,WRAGG,WF,39,122,8051.0,Acres,21655500.0,2,WRAGG,2015-07-22,2015,Colusa,2689.7900881878027,0.0002484163457955533
CA-SHF-002067,FORK COMPLEX,WF,41,123,36499.0,Acres,51700000.0,12,FORK COMPLEX,2015-07-31,2015,Siskiyou,1416.4771637579113,0.0003287761308529001
CA-LNU-006984,ROCKY,WF,39,122,69438.0,Acres,46100000.0,96,ROCKY,2015-07-29,2015,Colusa,663.9016100694145,0.0013825282986261126
CA-LNU-008670,VALLEY,WF,39,123,76067.0,Acres,56220000.0,1958,VALLEY,2015-09-12,2015,Lake,739.0852800820329,0.02574046564213128
CA-AEU-024918,BUTTE,WF,38,121,70868.0,Acres,74720784.0,818,BUTTE,2015-09-09,2015,San Joaquin,1054.3656375232827,0.011542586216628098
CA-HUU-005420,QUEEN,WF,41,124,158.0,Acres,3256960.0,0,QUEEN,2015-07-25,2015,Humboldt,20613.67088607595,0.0
CA-SHF-001371,SADDLE,WF,41,124,1542.0,Acres,9952000.0,0,SADDLE,2015-06-10,2015,Humboldt,6453.955901426719,0.0
CA-LNU-007410,JERUSALEM,WF,39,123,25118.0,Acres,25000000.0,27,JERUSALEM,2015-08-09,2015,Lake,995.3021737399474,0.0010749263476391433
CA-SRF-001476,Route Complex,WF,41,124,35675.0,Acres,25275680.0,2,ROUTE COMPLEX,2015-07-31,2015,Humboldt,708.4983882270498,5.606166783461808e-05
CA-HIA-015181,DEER HORN # 2,WF,41,124,125.0,Acres,400000.0,0,DEER HORN # 2,2015-08-01,2015,Humboldt,3200.0,0.0
CA-NEU-017851,LOWELL,WF,39,121,2304.0,Acres,18070860.0,3,LOWELL,2015-07-25,2015,Placer,7843.255208333333,0.0013020833333333333
CA-SRF-001433,MAD RIVER COMPLEX,WF,40,123,37462.0,Acres,33350510.0,4,MAD RIVER COMPLEX,2015-07-30,2015,Trinity,890.2490523730714,0.00010677486519673269
CA-SCU-005524,TESLA,WF,38,122,2700.0,Acres,1235397.0,1,TESLA,2015-08-19,2015,Contra Costa,457.55444444444447,0.00037037037037037035
CA-BTU-014554,Meridian,WF,40,122,860.0,Acres,31000.0,0,MERIDIAN,2015-10-04,2015,Tehama,36.04651162790697,0.0
CA-HUU-005606,Humboldt Complex,WF,40,124,4883.0,Acres,30560608.0,7,HUMBOLDT COMPLEX,2015-07-30,2015,Humboldt,6258.572189227933,0.0014335449518738481
CA-SKU-005078,YORK,WF,42,122,395.0,Acres,66500.0,0,YORK,2015-07-05,2015,Siskiyou,168.35443037974684,0.0
CA-MDF-000570,Frog,WF,41,121,4863.0,Acres,4900000.0,0,FROG,2015-07-31,2015,Shasta,1007.6084721365412,0.0
CA-NOD-003806,DODGE,WF,41,120,10570.0,Acres,5500000.0,0,DODGE,2015-08-03,2015,Lassen,520.3405865657521,0.0
CA-BTU-010917,SWEDES,WF,39,121,400.0,Acres,1600000.0,16,SWEDES,2015-07-29,2015,Placer,4000.0,0.04
CA-SHF-000359,STEPHENS,WF,41,122,209.0,Acres,300000.0,0,STEPHENS,2015-02-25,2015,Shasta,1435.4066985645934,0.0
CA-LNU-007900,Peterson,WF,39,123,215.0,Acres,1246322.0,0,PETERSON,2015-08-23,2015,Lake,5796.846511627907,0.0
CA-SHF-002066,RIVER COMPLEX,WF,41,123,77081.0,Acres,32678783.0,0,RIVER COMPLEX,2015-07-31,2015,Siskiyou,423.9538018448126,0.0
CA-MCP-002459,HORNO,WF,33,117,1846.0,Acres,100000.0,0,HORNO,2015-08-13,2015,San Diego,54.17118093174431,0.0
CA-VNC-054109,Rustic,WF,34,119,186.0,Acres,400000.0,0,RUSTIC,2015-08-14,2015,Ventura,2150.537634408602,0.0
CA-RRU-090069,ANZA,WF,34,117,543.0,Acres,1500000.0,0,ANZA,2015-08-10,2015,San Bernardino,2762.4309392265195,0.0
CA-BEU-004217,TASSAJARA,WF,36,122,1086.0,Acres,7000000.0,20,TASSAJARA,2015-09-19,2015,Monterey,6445.672191528545,0.01841620626151013
CA-BDF-007894,LAKE,WF,34,117,31359.0,Acres,30000000.0,4,LAKE,2015-06-17,2015,San Bernardino,956.6631589017506,0.00012755508785356677
CA-BDU-001662,Round,WF,37,119,6537.0,Acres,2400000.0,43,ROUND,2015-02-06,2015,Fresno,367.140890316659,0.006577940951506807
CA-KRN-023976,Woody Complex,WF,36,119,224.0,Acres,438000.0,0,WOODY COMPLEX,2015-07-05,2015,Tulare,1955.357142857143,0.0
CA-MCP-001210,MORTAR,WF,33,117,800.0,Acres,2000.0,0,MORTAR,2015-04-28,2015,San Diego,2.5,0.0
CA-OVD-000107,VAN DYKE,WF,38,119,509.0,Acres,260000.0,0,VAN DYKE,2015-02-07,2015,Mono,510.8055009823183,0.0
CA-SNF-001058,SKY,WF,37,120,500.0,Acres,5100000.0,0,SKY,2015-06-18,2015,Madera,10200.0,0.0
CA-SNF-001746,ROUGH,WF,37,119,151623.0,Acres,120930243.0,4,ROUGH,2015-08-01,2015,Fresno,797.5718921271839,2.638122184628981e-05
CA-TCU-007806,BIG CREEK,WF,38,120,204.0,Acres,2294360.0,0,BIG CREEK,2015-07-29,2015,Tuolumne,11246.862745098038,0.0
CA-VNC-15-0089187,SOLIMAR,WF,34,119,1288.0,Acres,2632436.0,0,SOLIMAR,2015-12-26,2015,Ventura,2043.8167701863354,0.0
CA-LPF-002288,Chorro,WF,35,119,282.0,Acres,1610000.0,0,CHORRO,2015-08-02,2015,Kern,5709.219858156029,0.0
CA-MCP-001207,CARL,WF,33,118,4000.0,Acres,1000.0,0,CARL,2015-04-28,2015,San Diego,0.25,0.0
CA-ORC-069367,241,WF,34,118,214.0,Acres,507000.0,2,241,2015-07-13,2015,Los Angeles,2369.158878504673,0.009345794392523364
CA-YNP-000078,Middle,WF,38,120,260.0,Acres,55000.0,0,MIDDLE,2015-07-27,2015,Tuolumne,211.53846153846155,0.0
CA-ANF-003128,PINES,WF,34,118,200.0,Acres,200000.0,0,PINES,2015-07-18,2015,Los Angeles,1000.0,0.0
CA-BDF-009001,NORTH,WF,34,117,4250.0,Acres,2950000.0,23,NORTH,2015-07-17,2015,San Bernardino,694.1176470588235,0.005411764705882353
CA-SLU-008555,CUESTA,WF,35,121,2446.0,Acres,15900000.0,1,CUESTA,2015-08-17,2015,San Luis Obispo,6500.408830744072,0.0004088307440719542
CA-LAC-173220,CALGROVE,WF,34,119,415.0,Acres,750000.0,0,CALGROVE,2015-06-24,2015,Ventura,1807.2289156626507,0.0
CA-MCP-001212,GRENADE,WF,33,117,2025.0,Acres,7500.0,0,GRENADE,2015-04-29,2015,San Diego,3.7037037037037037,0.0
CA-SQF-002313,CABIN,WF,36,119,6980.0,Acres,7764389.0,0,CABIN,2015-07-19,2015,Tulare,1112.37664756447,0.0
CA-TCU-009491,OAK,WF,38,120,108.0,Acres,697152.0,3,OAK,2015-09-08,2015,Tuolumne,6455.111111111111,0.027777777777777776
CA-MVU-012844,WILDCAT,WF,33,117,171.0,Acres,766400.0,0,WILDCAT,2015-06-18,2015,San Diego,4481.87134502924,0.0
CA-ANF-003651,WARM,WF,35,119,300.0,Acres,9000000.0,3,WARM,2015-08-16,2015,Kern,30000.0,0.01
CA-FHL-001570,PEANUT,WF,36,121,1532.0,Acres,3900000.0,0,PEANUT,2015-06-11,2015,Monterey,2545.691906005222,0.0
CA-SLU-006113,PARKHILL,WF,35,120,1791.0,Acres,3500000.0,18,PARKHILL,2015-06-20,2015,Santa Barbara,1954.2155220547181,0.010050251256281407
CA-ANF-003611,Cabin,WF,34,118,1723.0,Acres,3000000.0,3,CABIN,2015-08-14,2015,Los Angeles,1741.1491584445735,0.0017411491584445734
CA-MCP-001090,Windmill,WF,33,117,275.0,Acres,22000.0,0,WINDMILL,2015-04-12,2015,San Diego,80.0,0.0
CA-SNF-001689,WILLOW,WF,37,120,5702.0,Acres,19000000.0,0,WILLOW,2015-07-25,2015,Madera,3332.1641529287967,0.0
CA-CNF-002466,CUTCA,WF,33,117,150.0,Acres,3000000.0,0,CUTCA,2015-07-24,2015,San Diego,20000.0,0.0
CA-INF-001319,WALKER,WF,38,119,3676.0,Acres,6067783.52,0,WALKER,2015-08-15,2015,Mono,1650.6484004352556,0.0
CA-TUU-000381,TUU Lightning Complex,WF,36,119,446.0,Acres,1246369.0,0,TUU LIGHTNING COMPLEX,2015-07-19,2015,Tulare,2794.54932735426,0.0
CA-YNP-000123,Tenaya,WF,38,120,415.0,Acres,1850000.0,0,TENAYA,2015-09-07,2015,Tuolumne,4457.831325301205,0.0
CA-SBC-007898,MESA,WF,35,120,211.0,Acres,1400000.0,0,MESA,2015-06-29,2015,Santa Barbara,6635.071090047393,0.0
CA-KNP-000044,Big Five,WF,36,118,265.0,Acres,50000.0,0,BIG FIVE,2015-06-17,2015,Kern,188.67924528301887,0.0
CA-MMU-011662,Corrine,WF,37,120,920.0,Acres,5600000.0,2,CORRINE,2015-06-19,2015,Madera,6086.95652173913,0.002173913043478261
CA-MMU-013970,McCabe,WF,37,121,1333.0,Acres,725485.0,0,MCCABE,2015-07-19,2015,Merced,544.2498124531132,0.0
CA-BEU-004582,CIENEGA,WF,37,121,670.0,Acres,1800000.0,0,CIENEGA,2015-10-12,2015,Merced,2686.5671641791046,0.0
CA-LNU-009129,SAWMILL,WF,39,123,1547.0,Acres,2200000.0,0,SAWMILL,2016-09-25,2016,Lake,1422.1073044602456,0.0
CA-TGU-005731,COLYEAR,WF,40,123,464.0,Acres,1163035.0,0,COLYEAR,2016-06-30,2016,Trinity,2506.540948275862,0.0
CA-LMU-004700,HOWARD,WF,41,121,380.0,Acres,438878.0,0,HOWARD,2016-09-11,2016,Shasta,1154.9421052631578,0.0
CA-HUU-006956,TULLEY,WF,41,124,599.0,Acres,14750000.0,3,TULLEY,2016-08-22,2016,Humboldt,24624.373956594325,0.005008347245409015
CA-LNU-007135,COLD,WF,39,122,5731.0,Acres,10497869.0,2,COLD,2016-08-03,2016,Colusa,1831.769150235561,0.00034897923573547375
CA-NEU-015200,TRAILHEAD,WF,39,121,5646.0,Acres,25782000.0,0,TRAILHEAD,2016-06-28,2016,Placer,4566.418703506907,0.0
CA-PNF-001155,TOBIN,WF,40,121,248.0,Acres,2000000.0,0,TOBIN,2016-09-26,2016,Plumas,8064.5161290322585,0.0
CA-SKU-007392,GRADE,WF,42,123,710.0,Acres,2094722.0,10,GRADE,2016-08-24,2016,Siskiyou,2950.312676056338,0.014084507042253521
CA-KNF-004500,Pony,WF,42,124,2860.0,Acres,20500000.0,0,PONY,2016-06-07,2016,Del Norte,7167.832167832168,0.0
CA-KNF-007501,GAP,WF,42,123,33867.0,Acres,29700000.0,14,GAP,2016-08-28,2016,Siskiyou,876.9598724422003,0.00041338175805356246
CA-SHF-001371,SADDLE,WF,41,124,1542.0,Acres,9952000.0,0,SADDLE,2015-06-10,2015,Humboldt,6453.955901426719,0.0
CA-SHU-006739,Fiddler,WF,40,123,441.0,Acres,314000.0,0,FIDDLER,2016-07-09,2016,Trinity,712.0181405895692,0.0
CA-AEU-029631,Emerald,WF,39,120,176.0,Acres,326989.0,0,EMERALD,2016-10-14,2016,Douglas,1857.8920454545455,0.0
CA-SCU-006912,LOMA,WF,37,122,4474.0,Acres,16300000.0,28,LOMA,2016-09-26,2016,Santa Cruz,3643.272239606616,0.006258381761287439
CA-LNU-007582,CLAYTON,WF,39,123,3929.0,Acres,18580412.0,300,CLAYTON,2016-08-13,2016,Lake,4729.043522524816,0.07635530669381523
CA-NEU-017851,LOWELL,WF,39,121,2304.0,Acres,18070860.0,3,LOWELL,2015-07-25,2015,Placer,7843.255208333333,0.0013020833333333333
CA-SCU-003873,COE,WF,37,121,120.0,Acres,500000.0,0,COE,2016-06-07,2016,Merced,4166.666666666667,0.0
CA-LNU-005586,RESERVOIR,WF,39,123,215.0,Acres,325000.0,0,RESERVOIR,2016-06-27,2016,Lake,1511.6279069767443,0.0
CA-BTU-013655,Saddle,WF,40,122,850.0,Acres,2800000.0,3,SADDLE,2016-09-05,2016,Tehama,3294.1176470588234,0.0035294117647058825
CA-LMU-004695,WILLARD,WF,40,121,2575.0,Acres,11495469.0,7,WILLARD,2016-09-11,2016,Plumas,4464.259805825242,0.0027184466019417475
CA-ANF-002417,RESERVOIR,WF,34,118,1146.0,Acres,7782367.0,0,RESERVOIR,2016-06-20,2016,Los Angeles,6790.8961605584645,0.0
CA-ANF-003008,SAND,WF,34,118,41383.0,Acres,35000000.0,20,SAND,2016-07-22,2016,Los Angeles,845.7579199188073,0.0004832902399536041
CA-ANF-002419,San Gabriel Complex,WF,34,118,4900.0,Acres,3700000.0,0,SAN GABRIEL COMPLEX,2016-06-20,2016,Los Angeles,755.1020408163265,0.0
CA-RRU-105125,BOGART,WF,34,117,1470.0,Acres,2576000.0,2,BOGART,2016-08-30,2016,San Bernardino,1752.3809523809523,0.0013605442176870747
CA-CND-001415,ERSKINE,WF,36,118,48019.0,Acres,23000000.0,286,ERSKINE,2016-06-23,2016,Kern,478.97707157583454,0.00595597575959516
CA-CND-032375,HAVILA,WF,35,119,304.0,Acres,1800000.0,0,HAVILA,2016-08-27,2016,Kern,5921.0526315789475,0.0
CA-SNF-002370,SACATA,WF,37,119,2100.0,Acres,3520000.0,0,SACATA,2016-10-11,2016,Fresno,1676.1904761904761,0.0
CA-SQF-002595,CEDAR,WF,36,119,29322.0,Acres,58446000.0,6,CEDAR,2016-08-16,2016,Tulare,1993.2473910374463,0.0002046245140167792
CA-LAC-16198015,SAGE,WF,34,119,1109.0,Acres,4500000.0,0,SAGE,2016-07-09,2016,Ventura,4057.7096483318305,0.0
CA-CND-001928,ONYX,WF,36,118,232.0,Acres,550000.0,1,ONYX,2016-07-14,2016,Kern,2370.689655172414,0.004310344827586207
CA-INF-001415,CLARK,WF,38,119,2819.0,Acres,3934872.0,0,CLARK,2016-08-04,2016,Mono,1395.839659453707,0.0
CA-TCU-007341,PACHECO,WF,38,121,341.0,Acres,305897.0,2,PACHECO,2016-07-12,2016,San Joaquin,897.0586510263929,0.005865102639296188
CA-SLU-008948,CHIMNEY,WF,36,121,46344.0,Acres,78300000.0,70,CHIMNEY,2016-08-13,2016,Monterey,1689.5390989124805,0.0015104436388745036
CA-KRN-025390,FORT,WF,35,119,554.0,Acres,550156.0,0,FORT,2016-07-08,2016,Kern,993.0613718411553,0.0
CA-LPF-001643,Sherpa,WF,35,120,7474.0,Acres,19320000.0,5,SHERPA,2016-06-15,2016,Santa Barbara,2584.961198822585,0.000668985817500669
CA-LPF-001504,Coleman,WF,36,121,2520.0,Acres,6515000.0,1,COLEMAN,2016-06-04,2016,Monterey,2585.3174603174602,0.0003968253968253968
CA-ANF-001912,WHEATLAND,WF,34,118,156.0,Acres,435037.0,0,WHEATLAND,2016-05-23,2016,Los Angeles,2788.698717948718,0.0
CA-FKU-010852,GOOSE,WF,37,119,2241.0,Acres,10400000.0,9,GOOSE,2016-07-30,2016,Fresno,4640.78536367693,0.004016064257028112
CA-SNF-002154,CROWN,WF,37,119,800.0,Acres,256546.0,0,CROWN,2016-09-16,2016,Fresno,320.6825,0.0
CA-LAC-160799,OLD,WF,34,119,465.0,Acres,2500000.0,9,OLD,2016-06-04,2016,Ventura,5376.344086021505,0.01935483870967742
CA-LPF-001986,Pine,WF,35,119,2304.0,Acres,15500000.0,0,PINE,2016-06-30,2016,Kern,6727.430555555556,0.0
CA-BEU-003422,SOBERANES,WF,36,122,132127.0,Acres,262500000.0,68,SOBERANES,2016-07-22,2016,Monterey,1986.7248934737033,0.0005146563533569975
CA-FKU-011358,MINERAL,WF,36,121,7050.0,Acres,11318195.0,2,MINERAL,2016-08-09,2016,Monterey,1605.417730496454,0.00028368794326241134
CA-CND-001134,CHIMNEY,WF,36,118,1324.0,Acres,2800000.0,0,CHIMNEY,2016-06-01,2016,Kern,2114.8036253776436,0.0
CA-SQF-003456,Meadow,WF,36,119,4347.0,Acres,650000.0,0,MEADOW,2016-10-30,2016,Tulare,149.52841039797562,0.0
CA-TCU-009339,WILLOW,WF,38,121,450.0,Acres,950250.0,1,WILLOW,2016-08-28,2016,San Joaquin,2111.6666666666665,0.0022222222222222222
CA-STF-002417,EARLY,WF,38,120,187.0,Acres,150000.0,0,EARLY,2016-08-29,2016,Tuolumne,802.1390374331551,0.0
CA-LPF-002809,REY,WF,35,120,32606.0,Acres,29910000.0,5,REY,2016-08-18,2016,Santa Barbara,917.3158314420659,0.00015334600993682144
CA-MCP-002125,ROBLAR,WF,33,117,1245.0,Acres,2000000.0,0,ROBLAR,2016-07-21,2016,San Diego,1606.425702811245,0.0
CA-BEU-002369,METZ,WF,36,121,3876.0,Acres,825436.0,0,METZ,2016-05-22,2016,Monterey,212.9607843137255,0.0
CA-FKU-006574,AVOCADO,WF,37,119,132.0,Acres,50000.0,0,AVOCADO,2016-05-15,2016,Fresno,378.7878787878788,0.0
CA-CND-001171,SODA,WF,35,120,2003.0,Acres,500000.0,0,SODA,2016-06-05,2016,Santa Barbara,249.62556165751374,0.0
CA-CNF-002642,HOLY,WF,34,118,150.0,Acres,1700000.0,0,HOLY,2016-08-31,2016,Los Angeles,11333.333333333334,0.0
CA-INF-001763,OWENS RIVER,WF,38,119,5443.0,Acres,4908589.0,4,OWENS RIVER,2016-09-17,2016,Mono,901.8168289546206,0.0007348888480617307
CA-MVU-014498,Border 3,WF,33,117,7609.0,Acres,19500000.0,16,BORDER 3,2016-06-19,2016,San Diego,2562.754632671836,0.0021027730319358655
CA-SQF-003384,Jacobson,WF,36,119,1702.0,Acres,2336898.0,0,JACOBSON,2016-10-21,2016,Tulare,1373.0305522914218,0.0
CA-STF-002609,OLD,WF,38,120,150.0,Acres,700000.0,0,OLD,2016-09-13,2016,Tuolumne,4666.666666666667,0.0
CA-KRN-024109,Deer,WF,35,119,1785.0,Acres,5000000.0,0,DEER,2016-07-01,2016,Kern,2801.1204481792715,0.0
CA-FKU-009100,CURRY,WF,36,120,2944.0,Acres,2400000.0,0,CURRY,2016-07-02,2016,Kings,815.2173913043479,0.0
CA-TCU-006914,APPALOOSA,WF,38,121,310.0,Acres,1150465.0,0,APPALOOSA,2016-07-02,2016,San Joaquin,3711.1774193548385,0.0
CA-FHL-001475,Stony,WF,36,121,3000.0,Acres,1500000.0,0,STONY,2016-06-02,2016,Monterey,500.0,0.0
CA-LAC-177288,Fish,WF,34,118,4253.0,Acres,7341153.0,0,FISH,2016-06-20,2016,Los Angeles,1726.1116858687985,0.0
CA-AFV-003151,CANYON,WF,35,121,12742.0,Acres,15800000.0,0,CANYON,2016-09-18,2016,San Luis Obispo,1239.9937215507769,0.0
CA-INF-000992,MARINA,WF,38,119,654.0,Acres,3781618.0,1,MARINA,2016-06-24,2016,Mono,5782.290519877676,0.0015290519877675841
CA-INF-001421,ROCK CREEK,WF,38,119,122.0,Acres,1100000.0,0,ROCK CREEK,2016-08-05,2016,Mono,9016.393442622952,0.0
CA-INF-001457,HORSESHOE,WF,36,118,369.0,Acres,2697471.0,0,HORSESHOE,2016-08-09,2016,Kern,7310.219512195122,0.0
CA-SNF-001415,SPRING,WF,37,119,179.0,Acres,666689.0,0,SPRING,2016-07-12,2016,Fresno,3724.5195530726255,0.0
CA-SQF-003261,Slate,WF,36,119,2160.0,Acres,2045511.0,0,SLATE,2016-10-04,2016,Tulare,946.9958333333333,0.0
CA-STF-002257,MOKELUMNE,WF,39,120,655.0,Acres,250000.0,0,MOKELUMNE,2016-08-19,2016,Douglas,381.6793893129771,0.0
CA-YNP-000041,Lakes,WF,38,120,1000.0,Acres,124203.99,0,LAKES,2016-06-26,2016,Tuolumne,124.20399,0.0
CA-KRN-032270,RANGE,WF,35,119,516.0,Acres,1450000.0,0,RANGE,2016-08-26,2016,Kern,2810.077519379845,0.0
CA-AFV-003193,Washington,WF,35,121,204.0,Acres,300000.0,0,WASHINGTON,2016-09-22,2016,San Luis Obispo,1470.5882352941176,0.0
CA-BDF-010468,BLUE CUT Type 3,WF,34,117,36274.0,Acres,20000.0,321,BLUE CUT TYPE 3,2016-08-16,2016,San Bernardino,0.5513591001819486,0.008849313557920273
CA-BDF-010205,PILOT,WF,34,117,8110.0,Acres,2800000.0,0,PILOT,2016-08-07,2016,San Bernardino,345.25277435265104,0.0
CA-RRU-067665,Temecula,WF,33,117,139.0,Acres,898575.0,0,TEMECULA,2016-06-04,2016,San Diego,6464.568345323741,0.0
CA-INF-000885,ASH,WF,36,118,110.0,Acres,40000.0,0,ASH,2016-06-12,2016,Kern,363.6363636363636,0.0
CA-SQF-003464,Hidden,WF,36,119,2768.0,Acres,685000.0,0,HIDDEN,2016-11-02,2016,Tulare,247.47109826589596,0.0
CA-TCU-010403,MARSHES,WF,38,120,1080.0,Acres,5813452.0,0,MARSHES,2016-09-26,2016,Tuolumne,5382.825925925926,0.0
CA-SLU-005280,Camp Roberts,WF,36,121,3712.0,Acres,541871.0,0,CAMP ROBERTS,2016-05-18,2016,Monterey,145.97817887931035,0.0
CA-LNU-010046,ATLAS,WF,38,122,25000.0,Acres,1200000.0,125,ATLAS,2017-10-09,2017,Contra Costa,48.0,0.005
CA-MNF-001227,SKELETON,WF,39,123,200.0,Acres,700000.0,0,SKELETON,2017-09-12,2017,Lake,3500.0,0.0
CA-CZU-007822,BEAR,WF,37,122,391.0,Acres,7061020.0,4,BEAR,2017-10-17,2017,Santa Cruz,18058.874680306904,0.010230179028132993
CA-PNF-001145,POSLIN,WF,40,120,860.0,Acres,485000.0,0,POSLIN,2017-08-07,2017,Lassen,563.953488372093,0.0
CA-LNU-006262,WINTER,WF,38,122,2269.0,Acres,1800000.0,0,WINTER,2017-07-06,2017,Contra Costa,793.3010136624064,0.0
CA-LNU-010093,CENTRAL LNU COMPLEX,WF,38,123,27500.0,Acres,4105000.0,0,CENTRAL LNU COMPLEX,2017-10-09,2017,Marin,149.27272727272728,0.0
CA-LNU-010051,PARTRICK,WF,38,122,1000.0,Acres,250000.0,0,PARTRICK,2017-10-09,2017,Contra Costa,250.0,0.0
CA-NEU-026269,CASCADE,WF,39,121,8200.0,Acres,2000000.0,200,CASCADE,2017-10-09,2017,Placer,243.90243902439025,0.024390243902439025
CA-LNU-010049,NUNS,WF,38,123,5000.0,Acres,250000.0,0,NUNS,2017-10-09,2017,Marin,50.0,0.0
CA-MDF-000862,PARKER2,WF,41,120,7697.0,Acres,10400000.0,1,PARKER2,2017-08-03,2017,Lassen,1351.1757827725087,0.00012992074834351045
CA-MDF-000415,BATTLE,WF,42,121,640.0,Acres,350000.0,0,BATTLE,2017-06-28,2017,Klamath,546.875,0.0
CA-NEU-026295,NEU WIND COMPLEX,WF,39,121,17037.0,Acres,15590000.0,398,NEU WIND COMPLEX,2017-10-09,2017,Placer,915.0672066678405,0.02336092034982685
CA-BTU-013737,PONDEROSA,WF,40,121,4016.0,Acres,18838413.0,54,PONDEROSA,2017-08-29,2017,Plumas,4690.839890438247,0.013446215139442231
CA-SHF-001770,HELENA,WF,41,123,21449.0,Acres,30640000.0,133,HELENA,2017-08-31,2017,Siskiyou,1428.5048253997854,0.006200755279966432
CA-SHF-001555,FORK,WF,41,123,3535.06,Acres,550000.0,0,FORK,2017-08-08,2017,Siskiyou,155.58434651745657,0.0
CA-MDF-000656,RIMROCK,WF,42,121,700.0,Acres,1.0,0,RIMROCK,2017-07-24,2017,Klamath,0.0014285714285714286,0.0
CA-NOD-030366,Long Valley,WF,40,120,83733.0,Acres,11953000.0,8,LONG VALLEY,2017-07-11,2017,Lassen,142.7513644560687,9.554178161537267e-05
CA-BTU-015954,La Porte,WF,39,121,3000.0,Acres,1000000.0,0,LA PORTE,2017-10-09,2017,Placer,333.3333333333333,0.0
CA-LNU-010105,SOUTHERN LNU COMPLEX,WF,38,122,51624.0,Acres,48509895.0,783,SOUTHERN LNU COMPLEX,2017-10-09,2017,Contra Costa,939.6771850302185,0.015167364016736401
CA-LNU-010104,CENTRAL LNU COMPLEX,WF,38,123,110720.0,Acres,102000000.0,7010,CENTRAL LNU COMPLEX,2017-10-09,2017,Marin,921.2427745664739,0.0633128612716763
CA-KNF-006016,OAK,WF,42,123,86830.0,Acres,1.0,0,OAK,2017-08-12,2017,Siskiyou,1.1516756881262237e-05,0.0
CA-KNF-006029,WALLOW,WF,41,123,5272.0,Acres,775000.0,0,WALLOW,2017-08-11,2017,Siskiyou,147.0030349013657,0.0
CA-BTU-015933,CHEROKEE,WF,40,122,8417.0,Acres,648000.0,0,CHEROKEE,2017-10-09,2017,Tehama,76.98705001782108,0.0
CA-NOD-005180,R-4,WF,41,120,18618.0,Acres,575000.0,0,R-4,2017-08-30,2017,Lassen,30.884090664947898,0.0
CA-NEU-021927,BEALE,WF,39,121,950.0,Acres,350000.0,0,BEALE,2017-08-20,2017,Placer,368.42105263157896,0.0
CA-PNF-001043,Minerva 5,WF,40,121,4310.0,Acres,20500000.0,0,MINERVA 5,2017-07-29,2017,Plumas,4756.380510440836,0.0
CA-SRF-000863,YOUNG,WF,42,124,21377.0,Acres,2800000.0,0,YOUNG,2017-08-08,2017,Del Norte,130.98189643074332,0.0
CA-KNF-005915,CEDAR,WF,42,123,9122.0,Acres,1.0,0,CEDAR,2017-08-08,2017,Siskiyou,0.00010962508221881167,0.0
CA-LNU-010045,TUBBS,WF,39,123,28000.0,Acres,4105000.0,576,TUBBS,2017-10-09,2017,Lake,146.60714285714286,0.02057142857142857
CA-MEU-012169,Mendocino Lake Complex,WF,40,123,38730.0,Acres,25000000.0,706,MENDOCINO LAKE COMPLEX,2017-10-09,2017,Trinity,645.4944487477408,0.0182287632326362
CA-NEU-026275,LOBO,WF,39,121,880.0,Acres,1000000.0,8,LOBO,2017-10-09,2017,Placer,1136.3636363636363,0.00909090909090909
CA-SRF-001289,RIVERS,WF,40,124,148.0,Acres,125000.0,1,RIVERS,2017-10-14,2017,Humboldt,844.5945945945946,0.006756756756756757
CA-BTU-010975,WALL,WF,39,121,6033.0,Acres,14827826.0,91,WALL,2017-07-07,2017,Placer,2457.786507541853,0.015083706282115033
CA-MRN-002957,Thirty Seven,WF,38,122,1660.0,Acres,300000.0,0,THIRTY SEVEN,2017-10-09,2017,Contra Costa,180.72289156626505,0.0
CA-BTU-015990,HONEY,WF,40,122,150.0,Acres,725000.0,0,HONEY,2017-10-09,2017,Tehama,4833.333333333333,0.0
CA-PNF-001488,Eureka,WF,40,121,437.0,Acres,510000.0,0,EUREKA,2017-09-06,2017,Plumas,1167.0480549199085,0.0
CA-NOD-001810,WEST,WF,41,120,401.0,Acres,20000.0,0,WEST,2017-04-01,2017,Lassen,49.87531172069826,0.0
CA-PNF-001273,SQUIRREL,WF,40,121,130.0,Acres,1000000.0,0,SQUIRREL,2017-08-20,2017,Plumas,7692.307692307692,0.0
CA-AEU-021652,Latrobe Incident,WF,39,121,1268.0,Acres,300000.0,0,LATROBE INCIDENT,2017-07-26,2017,Placer,236.59305993690853,0.0
CA-BTU-0015314,SODA,WF,40,122,143.0,Acres,1919575.0,0,SODA,2017-09-28,2017,Tehama,13423.601398601399,0.0
CA-MDF-001101,JONES,WF,42,121,292.0,Acres,475000.0,0,JONES,2017-08-23,2017,Klamath,1626.7123287671234,0.0
CA-NOD-004279,R-21,WF,41,120,589.0,Acres,85000.0,0,R-21,2017-07-26,2017,Lassen,144.31239388794566,0.0
CA-SRF-000703,Marble,WF,41,124,319.0,Acres,21000000.0,0,MARBLE,2017-07-19,2017,Humboldt,65830.7210031348,0.0
CA-KNF-006672,DEEP,WF,42,123,150.0,Acres,26000.0,0,DEEP,2017-09-07,2017,Siskiyou,173.33333333333334,0.0
CA-KNF-004540,ISLAND,WF,41,123,13497.0,Acres,50145.0,0,ISLAND,2017-06-26,2017,Siskiyou,3.7152700600133364,0.0
CA-NOD-005152,MUD,WF,40,120,6042.0,Acres,100000.0,0,MUD,2017-08-29,2017,Lassen,16.550810989738498,0.0
CA-KNF-005958,GARDEN,WF,41,123,183.0,Acres,367165.0,0,GARDEN,2017-08-10,2017,Siskiyou,2006.3661202185792,0.0
CA-SKU-004779,FAY,WF,41,123,469.0,Acres,2400000.0,2,FAY,2017-07-05,2017,Siskiyou,5117.2707889125795,0.0042643923240938165
CA-MDF-001102,BOLES,WF,42,121,370.54,Acres,750000.0,0,BOLES,2017-08-23,2017,Klamath,2024.0729745776434,0.0
CA-TNF-000992,CHILCOOT,WF,40,120,1021.0,Acres,800000.0,0,CHILCOOT,2017-08-06,2017,Lassen,783.5455435847209,0.0
CA-SHF-001850,BUCK,WF,40,123,13434.0,Acres,11500000.0,0,BUCK,2017-09-13,2017,Trinity,856.0369212446033,0.0
CA-MEU-008307,GRADE,WF,39,123,900.0,Acres,1700000.0,1,GRADE,2017-07-16,2017,Lake,1888.888888888889,0.0011111111111111111
CA-SHU-009460,BERRY,WF,41,122,995.0,Acres,7074141.0,0,BERRY,2017-09-12,2017,Shasta,7109.689447236181,0.0
CA-MDF-000541,DOBE,WF,42,121,410.0,Acres,750000.0,0,DOBE,2017-07-13,2017,Klamath,1829.2682926829268,0.0
CA-RRU-078840,MANZANITA,WF,34,117,6309.0,Acres,3900000.0,0,MANZANITA,2017-06-26,2017,San Bernardino,618.1645268663814,0.0
CA-FKU-008759,CREEK,WF,36,121,357.0,Acres,1760479.0,4,CREEK,2017-06-24,2017,Monterey,4931.313725490196,0.011204481792717087
CA-MMU-019222,EASTMAN,WF,37,120,429.0,Acres,210000.0,0,EASTMAN,2017-09-18,2017,Madera,489.5104895104895,0.0
CA-SNF-001743,RAILROAD,WF,37,120,12407.0,Acres,21500000.0,17,RAILROAD,2017-08-29,2017,Madera,1732.8927218505683,0.0013701942451841702
CA-KRN-027936,HUDSON,WF,35,119,1083.0,Acres,100000.0,0,HUDSON,2017-07-18,2017,Kern,92.33610341643583,0.0
CA-ANF-002273,LAKE,WF,35,119,800.0,Acres,800000.0,0,LAKE,2017-06-17,2017,Kern,1000.0,0.0
CA-BDU-010918,BRYANT 2,WF,34,117,325.0,Acres,2537276.0,1,BRYANT 2,2017-08-03,2017,San Bernardino,7807.003076923077,0.003076923076923077
CA-FKU-004581,JAYNE,WF,36,120,5738.0,Acres,120000.0,0,JAYNE,2017-04-20,2017,Kings,20.913210177762288,0.0
CA-MVU-012098,Gate,WF,33,117,2056.0,Acres,1800000.0,0,GATE,2017-05-20,2017,San Diego,875.4863813229572,0.0
CA-SQF-002435,CALDWELL,WF,36,118,1319.0,Acres,6000000.0,0,CALDWELL,2017-09-01,2017,Kern,4548.900682335102,0.0
CA-TCU-012170,POINT,WF,38,121,130.0,Acres,260000.0,18,POINT,2017-10-09,2017,San Joaquin,2000.0,0.13846153846153847
CA-RRU-082316,Eagle,WF,34,117,205.0,Acres,219964.0,0,EAGLE,2017-07-04,2017,San Bernardino,1072.9951219512195,0.0
CA-CNF-003839,WILDOMAR,WF,34,117,866.0,Acres,4250000.0,0,WILDOMAR,2017-10-31,2017,San Bernardino,4907.621247113164,0.0
CA-MCP-17-2047,Cristianitos,WF,33,118,761.0,Acres,500000.0,0,CRISTIANITOS,2017-06-28,2017,San Diego,657.030223390276,0.0
CA-FKU-006727,ELM 2,WF,36,120,10343.0,Acres,800000.0,0,ELM 2,2017-05-18,2017,Kings,77.34699796964131,0.0
CA-FKU-009755,GARZA,WF,36,120,48889.0,Acres,15453433.0,1,GARZA,2017-07-09,2017,Kings,316.09222933584243,2.0454498967047802e-05
CA-MMU-018115,MISSION,WF,37,119,1035.0,Acres,13800000.0,7,MISSION,2017-09-03,2017,Fresno,13333.333333333334,0.00676328502415459
CA-SQF-001223,HIGHWAY,WF,36,119,1522.0,Acres,3000000.0,0,HIGHWAY,2017-06-18,2017,Tulare,1971.090670170828,0.0
CA-SQF-001989,GARDEN,WF,36,119,1350.0,Acres,1900000.0,0,GARDEN,2017-07-30,2017,Tulare,1407.4074074074074,0.0
CA-SQF-002753,LION,WF,36,118,19215.0,Acres,2500000.0,0,LION,2017-09-25,2017,Kern,130.10668748373666,0.0
CA-TCU-009024,JACKSONVILLE,WF,38,120,690.0,Acres,715000.0,1,JACKSONVILLE,2017-07-29,2017,Tuolumne,1036.231884057971,0.0014492753623188406
CA-YNP-000084,Empire,WF,38,120,8094.0,Acres,1279363.0,0,EMPIRE,2017-08-01,2017,Tuolumne,158.06313318507537,0.0
CA-RRU-099747,BLAINE,WF,34,117,1044.0,Acres,832000.0,0,BLAINE,2017-08-13,2017,San Bernardino,796.9348659003831,0.0
CA-RRU-151090,LIBERTY,WF,34,117,300.0,Acres,1000000.0,3,LIBERTY,2017-12-07,2017,San Bernardino,3333.3333333333335,0.01
CA-SBC-012621,RUCKER,WF,35,120,444.0,Acres,1866316.0,0,RUCKER,2017-09-29,2017,Santa Barbara,4203.414414414415,0.0
CA-KRN-024894,TARINA,WF,35,119,1200.0,Acres,250000.0,0,TARINA,2017-06-30,2017,Kern,208.33333333333334,0.0
CA-LFD-000965,La Tuna,WF,34,118,7194.0,Acres,7800000.0,10,LA TUNA,2017-09-01,2017,Los Angeles,1084.2368640533778,0.0013900472616068947
CA-BDU-009854,Bridge 2,WF,34,117,460.0,Acres,1299517.0,0,BRIDGE 2,2017-07-14,2017,San Bernardino,2825.0369565217393,0.0
CA-BDF-006700,TOWER,WF,34,117,150.0,Acres,200000.0,0,TOWER,2017-04-30,2017,San Bernardino,1333.3333333333333,0.0
CA-FHL-001267,RANGE,WF,36,121,1972.0,Acres,50000.0,0,RANGE,2017-06-05,2017,Monterey,25.35496957403651,0.0
CA-ORC-110494,CANYON 2,WF,34,118,9217.0,Acres,13725000.0,25,CANYON 2,2017-10-09,2017,Los Angeles,1489.096235217533,0.002712379299121189
CA-MMU-014474,DETWILER,WF,38,120,81826.0,Acres,90000000.0,131,DETWILER,2017-07-16,2017,Tuolumne,1099.8948989318799,0.001600958130667514
CA-SLU-010107,MARGARITA,WF,35,120,120.0,Acres,369935.0,0,MARGARITA,2017-09-04,2017,Santa Barbara,3082.7916666666665,0.0
CA-KRN-031474,ROSE,WF,35,119,338.0,Acres,150000.0,0,ROSE,2017-08-10,2017,Kern,443.7869822485207,0.0
CA-LAC-187296,PLACERITA IC,WF,34,118,760.0,Acres,560000.0,3,PLACERITA IC,2017-06-25,2017,Los Angeles,736.8421052631579,0.003947368421052632
CA-MCP-001494,DELUZ,WF,33,117,486.0,Acres,100000.0,0,DELUZ,2017-05-19,2017,San Diego,205.76131687242798,0.0
CA-BDF-009802,MART,WF,34,117,670.0,Acres,1000000.0,0,MART,2017-06-27,2017,San Bernardino,1492.5373134328358,0.0
CA-BEU-0003551,PARKFIELD,WF,36,121,1816.0,Acres,100000.0,1,PARKFIELD,2017-07-09,2017,Monterey,55.06607929515418,0.0005506607929515419
CA-FKU-010248,PARK,WF,36,120,1649.0,Acres,7753000.0,0,PARK,2017-07-17,2017,Kings,4701.637355973317,0.0
CA-MMU-013291,SPRING,WF,37,120,225.0,Acres,2500000.0,0,SPRING,2017-07-02,2017,Madera,11111.111111111111,0.0
CA-OVD-001478,SLINKARD,WF,39,120,8925.0,Acres,5708000.0,0,SLINKARD,2017-08-29,2017,Douglas,639.5518207282913,0.0
CA-INF-001235,GRANT,WF,38,119,400.0,Acres,748779.0,0,GRANT,2017-08-01,2017,Mono,1871.9475,0.0
CA-INF-001264,INDIAN,WF,36,118,2295.0,Acres,3400000.0,0,INDIAN,2017-08-03,2017,Kern,1481.4814814814815,0.0
CA-MMU-011650,OAKWOOD,WF,37,120,1431.0,Acres,1500000.0,0,OAKWOOD,2017-06-10,2017,Madera,1048.2180293501049,0.0
CA-MMU-013022,BEN,WF,37,120,630.0,Acres,2708850.0,0,BEN,2017-06-28,2017,Madera,4299.761904761905,0.0
CA-MMU-018116,PEAK,WF,37,120,680.0,Acres,1000000.0,2,PEAK,2017-09-03,2017,Madera,1470.5882352941176,0.0029411764705882353
CA-SNF-001476,BUTTE,WF,38,119,635.0,Acres,1250000.0,0,BUTTE,2017-08-07,2017,Mono,1968.5039370078741,0.0
CA-TUU-000420,Elephant,WF,36,119,416.0,Acres,250000.0,0,ELEPHANT,2017-07-21,2017,Tulare,600.9615384615385,0.0
CA-STF-002590,CREEK,WF,38,120,1749.0,Acres,250000.0,0,CREEK,2017-09-04,2017,Tuolumne,142.9388221841052,0.0
CA-STF-001940,DOUGLAS,WF,38,120,311.0,Acres,400000.0,0,DOUGLAS,2017-07-31,2017,Tuolumne,1286.1736334405145,0.0
CA-TUU-000441,ROADRUNNER,WF,36,119,2289.0,Acres,800000.0,0,ROADRUNNER,2017-07-30,2017,Tulare,349.4975972040192,0.0
CA-VNC-103156,THOMAS,WF,34,119,281893.0,Acres,203211950.0,1063,THOMAS,2017-12-05,2017,Ventura,720.8832784070552,0.0037709343616194797
CA-SLU-007792,STONE,WF,35,120,340.0,Acres,1014074.0,7,STONE,2017-07-09,2017,Santa Barbara,2982.570588235294,0.020588235294117647
CA-RRU-053193,OPERA,WF,34,117,1350.0,Acres,610000.0,0,OPERA,2017-04-30,2017,San Bernardino,451.85185185185185,0.0
CA-LFD-030179,SKIRBALL,WF,34,118,422.0,Acres,8156400.0,6,SKIRBALL,2017-12-06,2017,Los Angeles,19327.962085308056,0.014218009478672985
CA-MVU-024612,LILAC 5,WF,33,117,4100.0,Acres,12998946.0,157,LILAC 5,2017-12-07,2017,San Diego,3170.4746341463415,0.03829268292682927
CA-SLU-007101,HILL,WF,35,120,1598.0,Acres,4581300.0,4,HILL,2017-06-26,2017,Santa Barbara,2866.896120150188,0.0025031289111389237
CA-RRU-094091,ROSE,WF,34,117,188.0,Acres,2000000.0,0,ROSE,2017-07-31,2017,San Bernardino,10638.297872340425,0.0
CA-RRU-108660,PALMER,WF,34,117,3874.0,Acres,2609149.0,0,PALMER,2017-09-02,2017,San Bernardino,673.5025813113061,0.0
CA-LAC-362189,CREEK,WF,34,118,15619.0,Acres,17577000.0,123,CREEK,2017-12-05,2017,Los Angeles,1125.3601382931045,0.00787502400921954
CA-BDF-009443,HOLCOMB,WF,34,117,1503.0,Acres,7445000.0,0,HOLCOMB,2017-06-19,2017,San Bernardino,4953.426480372588,0.0
CA-FKU-009289,DERRICK,WF,36,120,1538.0,Acres,1105059.0,0,DERRICK,2017-07-03,2017,Kings,718.5039011703511,0.0
CA-ORC-105068,Canyon,WF,34,118,2662.0,Acres,11131813.0,0,CANYON,2017-09-25,2017,Los Angeles,4181.747933884298,0.0
CA-SNF-001419,CROWN,WF,37,119,165.0,Acres,25000.0,0,CROWN,2017-08-03,2017,Fresno,151.5151515151515,0.0
CA-SQF-001317,SCHAEFFER,WF,36,118,16031.0,Acres,16079800.0,0,SCHAEFFER,2017-06-24,2017,Kern,1003.0441020522737,0.0
CA-TUU-000286,DINELY,WF,36,119,339.0,Acres,2244949.0,0,DINELY,2017-06-07,2017,Tulare,6622.2684365781715,0.0
CA-RRU-100198,MIAS,WF,34,117,545.0,Acres,3800000.0,0,MIAS,2017-08-14,2017,San Bernardino,6972.477064220184,0.0
CA-LAC-362441,RYE,WF,34,119,6049.0,Acres,7204367.0,6,RYE,2017-12-05,2017,Ventura,1191.00132253265,0.000991899487518598
CA-MVU-016909,JENNINGS,WF,33,117,400.0,Acres,914236.0,0,JENNINGS,2017-07-11,2017,San Diego,2285.59,0.0
CA-SQF-002385,PIER,WF,36,119,36556.0,Acres,38760000.0,2,PIER,2017-08-29,2017,Tulare,1060.2910602910604,5.47105810263705e-05
CA-YNP-000108,South Fork,WF,38,120,7564.0,Acres,8607455.0,0,SOUTH FORK,2017-08-13,2017,Tuolumne,1137.9501586462188,0.0
CA-SLU-007624,ALAMO,WF,35,120,28687.0,Acres,19900000.0,14,ALAMO,2017-07-06,2017,Santa Barbara,693.694007738697,0.00048802593509255065
CA-MNF-000874,EEL,WF,40,123,972.0,Acres,1300000.0,10,EEL,2018-07-31,2018,Trinity,1337.4485596707818,0.0102880658436214
CA-TGU-009672,Sun,WF,40,122,3889.0,Acres,1500000.0,0,SUN,2018-10-07,2018,Tehama,385.7032656209823,0.0
CA-LMU-003203,HYATT,WF,40,120,441.0,Acres,500000.0,9,HYATT,2018-06-27,2018,Lassen,1133.7868480725624,0.02040816326530612
CA-SHF-001444,DELTA,WF,41,122,63311.0,Acres,64429020.0,45,DELTA,2018-09-05,2018,Shasta,1017.6591745510259,0.0007107769581905199
CA-SHF-001223,HIRZ,WF,41,122,46150.0,Acres,55511216.0,0,HIRZ,2018-08-09,2018,Shasta,1202.8432502708558,0.0
CA-SKU-004641,KLAMATHON,WF,42,123,38008.0,Acres,33500000.0,82,KLAMATHON,2018-07-05,2018,Siskiyou,881.3933908650811,0.00215744053883393
CA-TGU-006031,LANE,WF,40,122,3716.0,Acres,8250000.0,0,LANE,2018-06-23,2018,Tehama,2220.129171151776,0.0
CA-AEU-018720,IRISH,WF,38,121,825.0,Acres,600000.0,7,IRISH,2018-07-06,2018,San Joaquin,727.2727272727273,0.008484848484848486
CA-NOD-003575,EAGLE,WF,41,120,2100.0,Acres,570000.0,0,EAGLE,2018-07-14,2018,Lassen,271.42857142857144,0.0
CA-SCU-003726,Grant,WF,38,122,484.0,Acres,350000.0,6,GRANT,2018-05-30,2018,Contra Costa,723.1404958677685,0.012396694214876033
CA-BTU-016272,JUNE,WF,39,122,550.0,Acres,200000.0,0,JUNE,2018-10-30,2018,Colusa,363.6363636363636,0.0
CA-SHF-000382,GRAPE,WF,41,124,226.0,Acres,2200000.0,0,GRAPE,2018-04-24,2018,Humboldt,9734.513274336283,0.0
CA-SHU-006565,CREEK,WF,41,122,1678.0,Acres,3445758.0,11,CREEK,2018-06-24,2018,Shasta,2053.491060786651,0.006555423122765197
CA-KNF-004499,PETERSBURG,WF,41,123,215.0,Acres,1720000.0,2,PETERSBURG,2018-07-01,2018,Siskiyou,8000.0,0.009302325581395349
CA-TGU-005555,APPLE,WF,40,122,2956.0,Acres,184857.0,9,APPLE,2018-06-09,2018,Tehama,62.53619756427605,0.003044654939106901
CA-TGU-005560,CHROME,WF,40,123,2290.0,Acres,935778.0,1,CHROME,2018-06-09,2018,Trinity,408.6366812227074,0.0004366812227074236
CA-LNU-009002,PAWNEE,WF,39,123,15185.0,Acres,36500000.0,22,PAWNEE,2018-06-24,2018,Lake,2403.6878498518277,0.0014487981560750741
CA-NEU-008412,Butte Fire,WF,39,122,1200.0,Acres,110000.0,0,BUTTE FIRE,2018-08-01,2018,Colusa,91.66666666666667,0.0
CA-SHU-008470,Hat,WF,41,122,1900.0,Acres,2565927.0,0,HAT,2018-08-09,2018,Shasta,1350.487894736842,0.0
CA-SHU-006744,FLAT,WF,41,123,300.0,Acres,5350000.0,0,FLAT,2018-06-29,2018,Siskiyou,17833.333333333332,0.0
CA-HIA-000115,MILL CREEK 1,WF,41,124,3674.0,Acres,7559181.65,0,MILL CREEK 1,2018-08-16,2018,Humboldt,2057.480035383778,0.0
CA-TGU-000649,Dale,WF,40,122,856.0,Acres,578552.0,0,DALE,2018-07-09,2018,Tehama,675.8785046728972,0.0
CA-LNU-012354,NELSON,WF,38,122,2162.0,Acres,425000.0,1,NELSON,2018-08-11,2018,Contra Costa,196.577243293247,0.00046253469010175765
CA-MDF-001193,STONE,WF,41,121,39387.0,Acres,16900000.0,2,STONE,2018-08-15,2018,Shasta,429.0755833142915,5.077817554015284e-05
CA-MEU-008646,RANCH,WF,39,123,410203.0,Acres,201000000.0,0,RANCH,2018-07-27,2018,Lake,490.00129204320785,0.0
CA-BTU-010359,STONEY,WF,40,122,962.0,Acres,1245246.0,0,STONEY,2018-07-13,2018,Tehama,1294.4345114345115,0.0
CA-WNP-001084,CARR,WF,41,123,229651.0,Acres,158744844.0,1604,CARR,2018-07-23,2018,Siskiyou,691.2438613374206,0.006984511280159895
CA-SHF-001438,KERLIN,WF,41,124,1751.0,Acres,8379000.0,5,KERLIN,2018-09-04,2018,Humboldt,4785.265562535694,0.0028555111364934323
CA-TNF-001355,NORTH,WF,39,121,1120.0,Acres,11000000.0,0,NORTH,2018-09-03,2018,Placer,9821.42857142857,0.0
CA-LNF-003951,WHALEBACK,WF,41,121,18703.0,Acres,8900000.0,0,WHALEBACK,2018-07-27,2018,Shasta,475.85948778270864,0.0
CA-BTU-016737,CAMP,WF,40,121,153336.0,Acres,102843527.0,18804,CAMP,2018-11-08,2018,Plumas,670.7069898784368,0.12263264986695883
CA-LNU-014193,SNELL,WF,39,122,2490.0,Acres,6355703.0,0,SNELL,2018-09-08,2018,Colusa,2552.4911646586347,0.0
CA-LNU-010755,EIGHTY EIGHT,WF,39,122,822.0,Acres,610000.0,0,EIGHTY EIGHT,2018-07-18,2018,Colusa,742.0924574209246,0.0
CA-LNU-009502,COUNTY,WF,39,122,90288.0,Acres,46900854.0,30,COUNTY,2018-06-30,2018,Colusa,519.4583333333334,0.0003322700691121744
CA-SCU-005218,COUNTRY,WF,37,122,320.0,Acres,750000.0,1,COUNTRY,2018-07-22,2018,Santa Cruz,2343.75,0.003125
CA-LNF-005194,Wilson,WF,40,121,261.0,Acres,1128000.0,1,WILSON,2018-09-28,2018,Plumas,4321.83908045977,0.0038314176245210726
CA-NOD-002938,TUMBLEWEED,WF,40,120,646.0,Acres,350000.0,0,TUMBLEWEED,2018-06-15,2018,Lassen,541.795665634675,0.0
CA-PNF-001500,MURPHY,WF,40,121,117.0,Acres,1700000.0,0,MURPHY,2018-08-07,2018,Plumas,14529.91452991453,0.0
CA-LMU-003881,Roxie,WF,40,121,167.0,Acres,350000.0,0,ROXIE,2018-07-24,2018,Plumas,2095.808383233533,0.0
CA-MVU-011206,PASQUAL,WF,33,117,365.0,Acres,1190000.0,0,PASQUAL,2018-07-27,2018,San Diego,3260.27397260274,0.0
CA-SQF-002786,Mountaineer Fire,WF,36,119,1270.0,Acres,1050008.0,0,MOUNTAINEER FIRE,2018-10-13,2018,Tulare,826.7779527559055,0.0
CA-BEU-003992,Gulch,WF,36,121,650.0,Acres,75000.0,0,GULCH,2018-08-11,2018,Monterey,115.38461538461539,0.0
CA-BEU-002666,AIRLINE,WF,36,121,1314.0,Acres,4700000.0,0,AIRLINE,2018-06-04,2018,Monterey,3576.8645357686455,0.0
CA-TCU-010699,Tulloch,WF,38,121,573.0,Acres,330000.0,0,TULLOCH,2018-09-08,2018,San Joaquin,575.9162303664922,0.0
CA-STF-001702,DONNELL,WF,38,120,36450.0,Acres,33600000.0,135,DONNELL,2018-08-02,2018,Tuolumne,921.8106995884774,0.003703703703703704
CA-BDU-005618,MOFFAT,WF,37,118,1265.0,Acres,1500000.0,0,MOFFAT,2018-04-19,2018,Inyo,1185.7707509881423,0.0
CA-BEU-003069,SAN ARDO,WF,36,121,375.0,Acres,510000.0,0,SAN ARDO,2018-06-26,2018,Monterey,1360.0,0.0
CA-RRU-074609,EUCLID,WF,34,118,154.0,Acres,2000000.0,0,EUCLID,2018-06-12,2018,Los Angeles,12987.012987012988,0.0
CA-CNF-002664,HOLY,WF,34,118,23025.0,Acres,25719730.0,24,HOLY,2018-08-06,2018,Los Angeles,1117.0349619978285,0.001042345276872964
CA-MMU-008764,Nees,WF,37,121,1756.0,Acres,500000.0,0,NEES,2018-05-02,2018,Merced,284.7380410022779,0.0
CA-TCU-007477,WAVERLY,WF,38,121,11789.0,Acres,2500000.0,3,WAVERLY,2018-06-29,2018,San Joaquin,212.0620917804733,0.000254474510136568
CA-SNF-000745,FERGUSON,WF,38,120,96901.0,Acres,118500000.0,11,FERGUSON,2018-07-14,2018,Tuolumne,1222.8975965160319,0.00011351792035169915
CA-ANF-003454,FORK,WF,34,118,166.0,Acres,834139.0,0,FORK,2018-09-09,2018,Los Angeles,5024.933734939759,0.0
CA-ORC-064103,SANTIAGO,WF,34,118,155.0,Acres,700000.0,0,SANTIAGO,2018-06-11,2018,Los Angeles,4516.129032258064,0.0
CA-CNF-002238,WEST,WF,33,117,505.0,Acres,1200000.0,56,WEST,2018-07-06,2018,San Diego,2376.237623762376,0.11089108910891089
CA-VNC-103156,THOMAS,WF,34,119,281893.0,Acres,230000000.0,1063,THOMAS,2017-12-05,2017,Ventura,815.9124206702543,0.0037709343616194797
CA-INF-001394,OWENS,WF,38,119,338.0,Acres,434432.0,0,OWENS,2018-07-31,2018,Mono,1285.301775147929,0.0
CA-MVU-008372,RECYCLE,WF,33,116,265.0,Acres,1232781.0,0,RECYCLE,2018-06-06,2018,San Diego,4652.0037735849055,0.0
CA-BEU-003889,TURKEY,WF,36,120,2225.0,Acres,150000.0,0,TURKEY,2018-08-06,2018,Kings,67.41573033707866,0.0
CA-KNP-000169,Eden,WF,36,119,1777.0,Acres,120000.0,0,EDEN,2018-10-04,2018,Tulare,67.52954417557682,0.0
CA-MMU-019816,OAK,WF,37,120,360.0,Acres,2400000.0,0,OAK,2018-09-22,2018,Madera,6666.666666666667,0.0
CA-SNF-000493,LIONS,WF,38,119,12990.0,Acres,13919710.73,0,LIONS,2018-06-11,2018,Mono,1071.5712648190915,0.0
CA-LAC-166129,Stone,WF,35,119,1352.0,Acres,2900000.0,0,STONE,2018-06-04,2018,Kern,2144.9704142011833,0.0
CA-BDF-011390,CRANSTON,WF,34,117,13139.0,Acres,22062454.0,12,CRANSTON,2018-07-25,2018,San Bernardino,1679.1577745642744,0.0009133115153360225
CA-BEU-002837,BEAVER,WF,36,121,215.0,Acres,2041752.0,0,BEAVER,2018-06-12,2018,Monterey,9496.520930232558,0.0
CA-BEU-002668,EASTERN,WF,36,121,513.0,Acres,1900000.0,0,EASTERN,2018-06-05,2018,Monterey,3703.703703703704,0.0
CA-RRU-090869,SKYLINE,WF,34,118,282.0,Acres,2200000.0,0,SKYLINE,2018-07-19,2018,Los Angeles,7801.418439716312,0.0
CA-SBC-008657,HOLIDAY,WF,34,120,113.0,Acres,1000000.0,22,HOLIDAY,2018-07-06,2018,Santa Barbara,8849.557522123894,0.19469026548672566
CA-VNC-090993,Hill,WF,34,119,4531.0,Acres,9801215.0,4,HILL,2018-11-08,2018,Ventura,2163.1461046126683,0.0008828073273008167
CA-MMU-011264,O'NEALS,WF,37,120,300.0,Acres,350000.0,0,O'NEALS,2018-06-05,2018,Madera,1166.6666666666667,0.0
CA-SQF-002140,CALL,WF,36,119,367.0,Acres,775000.0,0,CALL,2018-08-18,2018,Tulare,2111.716621253406,0.0
CA-SQF-002733,ALDER,WF,36,119,4654.0,Acres,3169809.0,0,ALDER,2018-10-04,2018,Tulare,681.0934679845294,0.0
CA-LPF-002334,Front Incident,WF,35,120,1014.0,Acres,4200000.0,0,FRONT INCIDENT,2018-08-19,2018,Santa Barbara,4142.011834319526,0.0
CA-BDF-012772,STERLING,WF,34,117,125.0,Acres,300000.0,0,STERLING,2018-09-01,2018,San Bernardino,2400.0,0.0
CA-BDU-002752,PLEASANT,WF,37,119,2070.0,Acres,2267728.0,0,PLEASANT,2018-02-19,2018,Fresno,1095.52077294686,0.0
CA-BEU-004537,METZ,WF,36,121,420.0,Acres,65000.0,0,METZ,2018-09-13,2018,Monterey,154.76190476190476,0.0
CA-OVD-001396,HOTCREEK,WF,38,119,419.0,Acres,261663.0,0,HOTCREEK,2018-07-31,2018,Mono,624.4940334128878,0.0
CA-YNP-000085,Indian,WF,38,120,385.0,Acres,100000.0,0,INDIAN,2018-09-04,2018,Tuolumne,259.7402597402597,0.0
CA-VNC-091023,WOOLSEY,WF,34,119,96949.0,Acres,56943320.0,1643,WOOLSEY,2018-11-08,2018,Ventura,587.3533507307966,0.01694705463697408
CA-CNP-000713,Santa Cruz,WF,34,120,258.0,Acres,1200000.0,1,SANTA CRUZ,2018-03-27,2018,Santa Barbara,4651.162790697675,0.003875968992248062
CA-INF-001071,GEORGES,WF,37,118,2941.0,Acres,4412394.0,0,GEORGES,2018-07-08,2018,Inyo,1500.3039782386943,0.0
CA-LPF-002476,Ogilvy,WF,35,120,172.0,Acres,1900000.0,0,OGILVY,2018-09-01,2018,Santa Barbara,11046.511627906977,0.0
CA-MMU-012081,Planada,WF,37,120,4564.0,Acres,725746.0,0,PLANADA,2018-06-15,2018,Madera,159.01533742331287,0.0
CA-LAC-171655,SOUTH,WF,34,119,175.0,Acres,1100000.0,0,SOUTH,2018-06-09,2018,Ventura,6285.714285714285,0.0
CA-KRN-031160,TARINA,WF,35,119,3516.0,Acres,400000.0,0,TARINA,2018-08-03,2018,Kern,113.76564277588169,0.0
CA-LAC-288255,CHARLIE,WF,34,119,3380.0,Acres,9645162.0,0,CHARLIE,2018-09-22,2018,Ventura,2853.598224852071,0.0
CA-RRU-062932,PATTERSON,WF,34,117,1261.0,Acres,240000.0,0,PATTERSON,2018-05-17,2018,San Bernardino,190.32513877874703,0.0
CA-ORC-060414,ALISO,WF,34,118,175.0,Acres,3200000.0,0,ALISO,2018-06-02,2018,Los Angeles,18285.714285714286,0.0
CA-FHL-002806,NACIMIENTO,WF,36,121,450.0,Acres,150000.0,0,NACIMIENTO,2018-10-02,2018,Monterey,333.3333333333333,0.0
CA-LNU-019376,KINCADE,WF,39,123,77758.0,Acres,77144684.0,374,KINCADE,2019-10-24,2019,Lake,992.1125028935929,0.004809794490599038
CA-PNF-001324,Walker,WF,40,121,54608.0,Acres,35600000.0,9,WALKER,2019-09-04,2019,Plumas,651.9191327278055,0.0001648110167008497
CA-TGU-009386,RED BANK,WF,40,123,8838.0,Acres,21400000.0,2,RED BANK,2019-09-05,2019,Trinity,2421.3622991627067,0.00022629554197782303
CA-MDF-000509,TUCKER,WF,42,121,14150.0,Acres,3745000.0,0,TUCKER,2019-07-28,2019,Klamath,264.6643109540636,0.0
CA-MDF-000836,LONE,WF,42,121,5737.0,Acres,1500000.0,0,LONE,2019-09-05,2019,Klamath,261.4606937423741,0.0
CA-SHU-009030,MOUNTAIN,WF,41,122,600.0,Acres,3686672.0,14,MOUNTAIN,2019-08-22,2019,Shasta,6144.453333333333,0.023333333333333334
CA-LNU-018056,AMERICAN,WF,38,122,532.0,Acres,530000.0,1,AMERICAN,2019-10-06,2019,Contra Costa,996.2406015037594,0.0018796992481203006
CA-NOD-004869,R-1  Ranch,WF,41,121,3380.0,Acres,3750000.0,0,R-1  RANCH,2019-08-28,2019,Shasta,1109.4674556213017,0.0
CA-SCU-004384,ROCK,WF,37,121,2422.0,Acres,484400.0,0,ROCK,2019-06-26,2019,Merced,200.0,0.0
CA-MEU-009819,MOOSE,WF,39,123,225.0,Acres,800000.0,0,MOOSE,2019-08-13,2019,Lake,3555.5555555555557,0.0
CA-KNF-007099,KIDDER 2,WF,42,123,227.0,Acres,845000.0,0,KIDDER 2,2019-09-05,2019,Siskiyou,3722.466960352423,0.0
CA-NOD-005099,R-6,WF,41,121,260.0,Acres,225000.0,0,R-6,2019-09-06,2019,Shasta,865.3846153846154,0.0
CA-NOD-004779,HORSE,WF,41,121,131.0,Acres,390000.0,0,HORSE,2019-08-24,2019,Shasta,2977.0992366412215,0.0
CA-SCU-005471,MARSH,WF,38,122,757.0,Acres,600000.0,0,MARSH,2019-08-03,2019,Contra Costa,792.6023778071334,0.0
CA-SCU-003879,STUHR,WF,37,121,600.0,Acres,10000.0,0,STUHR,2019-06-07,2019,Merced,16.666666666666668,0.0
CA-ENF-030945,CAPLES,WF,39,120,3435.0,Acres,6370000.0,0,CAPLES,2019-10-10,2019,Douglas,1854.4395924308587,0.0
CA-TGU-011766,RANCH,WF,40,123,2534.0,Acres,11116149.0,0,RANCH,2019-11-03,2019,Trinity,4386.799131807419,0.0
CA-NOD-004382,W-1 McDonald,WF,41,120,1020.0,Acres,950000.0,0,W-1 MCDONALD,2019-08-08,2019,Lassen,931.3725490196078,0.0
CA-LNU-009880,SAND,WF,39,122,2512.0,Acres,10000000.0,7,SAND,2019-06-08,2019,Colusa,3980.891719745223,0.002786624203821656
CA-SCU-004617,Hollow,WF,38,122,283.0,Acres,150000.0,0,HOLLOW,2019-07-03,2019,Contra Costa,530.035335689046,0.0
CA-KNF-007074,LIME,WF,42,123,1872.0,Acres,10000000.0,0,LIME,2019-09-05,2019,Siskiyou,5341.880341880342,0.0
CA-MNF-000485,HENTHORNE,WF,40,123,244.0,Acres,4600000.0,0,HENTHORNE,2019-09-05,2019,Trinity,18852.45901639344,0.0
CA-SHF-001196,MIDDLE,WF,41,123,1339.0,Acres,50000.0,0,MIDDLE,2019-09-05,2019,Siskiyou,37.34129947722181,0.0
CA-MEU-013345,BURRIS,WF,39,123,703.0,Acres,2600000.0,0,BURRIS,2019-10-27,2019,Lake,3698.435277382646,0.0
CA-MEU-009124,USAL,WF,40,124,130.0,Acres,1250000.0,0,USAL,2019-07-28,2019,Humboldt,9615.384615384615,0.0
CA-BTU-010635,SWEDES,WF,39,121,496.0,Acres,2437756.0,2,SWEDES,2019-09-07,2019,Placer,4914.830645161291,0.004032258064516129
CA-MNF-000241,EAST,WF,40,123,410.0,Acres,1600000.0,0,EAST,2019-06-17,2019,Trinity,3902.439024390244,0.0
CA-SHF-001217,RAMSHORN,WF,41,123,280.0,Acres,2400000.0,0,RAMSHORN,2019-09-06,2019,Siskiyou,8571.42857142857,0.0
CA-SHF-001209,SOUTH,WF,40,123,5332.0,Acres,9300300.0,2,SOUTH,2019-09-05,2019,Trinity,1744.2423105776445,0.00037509377344336085
CA-BDF-014540,BAUTISTA,WF,34,117,167.0,Acres,557500.0,0,BAUTISTA,2019-09-16,2019,San Bernardino,3338.323353293413,0.0
CA-RRU-034071,LINCOLN,WF,34,116,564.0,Acres,332086.0,0,LINCOLN,2019-03-15,2019,Riverside,588.8049645390071,0.0
CA-RRU-130198,RECHE,WF,34,117,350.0,Acres,350000.0,2,RECHE,2019-10-10,2019,San Bernardino,1000.0,0.005714285714285714
CA-RRU-113828,TENAJA,WF,34,117,1926.0,Acres,4000000.0,0,TENAJA,2019-09-04,2019,San Bernardino,2076.8431983385253,0.0
CA-CND-001611,MESA,WF,36,118,227.0,Acres,500000.0,0,MESA,2019-07-31,2019,Kern,2202.643171806167,0.0
CA-MMU-017062,HUNTER,WF,38,120,423.0,Acres,93000.0,0,HUNTER,2019-08-15,2019,Tuolumne,219.8581560283688,0.0
CA-MVU-011787,BORDER 8,WF,33,117,1507.0,Acres,225000.0,0,BORDER 8,2019-08-14,2019,San Diego,149.30325149303252,0.0
CA-SQF-002089,Schaeffer,WF,36,118,295.0,Acres,640000.0,0,SCHAEFFER,2019-09-08,2019,Kern,2169.491525423729,0.0
CA-LFD-001582,SADDLERIDGE,WF,34,118,8799.0,Acres,29000000.0,24,SADDLERIDGE,2019-10-11,2019,Los Angeles,3295.829071485396,0.002727582679849983
CA-VNC-089158,EASY,WF,34,119,1806.0,Acres,2.5,1,EASY,2019-10-30,2019,Ventura,0.0013842746400885937,0.0005537098560354374
CA-RRU-118651,HORSESHOE,WF,34,117,520.0,Acres,2291308.0,0,HORSESHOE,2019-09-15,2019,San Bernardino,4406.361538461539,0.0
CA-STF-001355,Rosasco,WF,38,120,731.0,Acres,350000.0,0,ROSASCO,2019-05-23,2019,Tuolumne,478.79616963064296,0.0
CA-LPF-001678,MILL,WF,36,121,310.0,Acres,5100000.0,0,MILL,2019-07-30,2019,Monterey,16451.612903225807,0.0
CA-VNC-090135,Maria,WF,34,119,9999.0,Acres,11651926.0,4,MARIA,2019-11-01,2019,Ventura,1165.3091309130914,0.00040004000400040005
CA-BEU-003696,LONOAK,WF,36,121,2546.0,Acres,175000.0,0,LONOAK,2019-06-25,2019,Monterey,68.73527101335428,0.0
CA-RRU-130233,SANDALWOOD,WF,34,117,1011.0,Acres,3100000.0,72,SANDALWOOD,2019-10-10,2019,San Bernardino,3066.271018793274,0.0712166172106825
CA-SBC-013465,REAL,WF,34,120,420.0,Acres,730000.0,0,REAL,2019-10-17,2019,Santa Barbara,1738.095238095238,0.0
CA-CDD-012920,BARSTOW,WF,35,117,685.0,Acres,120000.0,0,BARSTOW,2019-08-11,2019,San Bernardino,175.1824817518248,0.0
CA-MMU-021257,BRICEBURG,WF,38,120,5563.0,Acres,16000000.0,1,BRICEBURG,2019-10-06,2019,Tuolumne,2876.1459644076936,0.00017975912277548085
CA-SLU-007315,BOULDER,WF,35,120,1127.0,Acres,50000.0,0,BOULDER,2019-06-05,2019,Santa Barbara,44.36557231588287,0.0
CA-LPF-002908,Cave,WF,35,120,3126.0,Acres,3600000.0,0,CAVE,2019-11-26,2019,Santa Barbara,1151.6314779270633,0.0
CA-TUU-000684,CREEK,WF,36,119,756.0,Acres,1240000.0,0,CREEK,2019-08-31,2019,Tulare,1640.2116402116403,0.0
CA-BEU-004344,LAKE,WF,36,121,316.0,Acres,100000.0,0,LAKE,2019-07-29,2019,Monterey,316.45569620253167,0.0
CA-RRU-139654,HILL,WF,34,117,628.0,Acres,200000.0,0,HILL,2019-10-30,2019,San Bernardino,318.47133757961785,0.0
CA-INF-001465,SPRINGS,WF,38,119,4840.0,Acres,6174292.6,0,SPRINGS,2019-07-27,2019,Mono,1275.6802892561982,0.0
CA-INF-000903,JORDAN,WF,36,118,591.0,Acres,2454458.0,0,JORDAN,2019-06-09,2019,Kern,4153.059221658206,0.0
CA-INF-002018,TABOOSE,WF,37,118,10400.0,Acres,10900000.0,0,TABOOSE,2019-09-05,2019,Inyo,1048.076923076923,0.0
CA-MMU-017127,GAINES,WF,38,120,1300.0,Acres,2651287.0,0,GAINES,2019-08-16,2019,Tuolumne,2039.4515384615383,0.0
CA-RRU-079226,JERRY,WF,34,117,525.0,Acres,500000.0,0,JERRY,2019-06-21,2019,San Bernardino,952.3809523809524,0.0
CA-SLU-008993,GILLIS,WF,36,120,974.0,Acres,187000.0,0,GILLIS,2019-07-08,2019,Kings,191.99178644763862,0.0
CA-LAC-326166,TICK,WF,34,118,4615.0,Acres,8200000.0,29,TICK,2019-10-24,2019,Los Angeles,1776.8147345612135,0.00628385698808234
CA-LFD-001583,GETTY,WF,34,118,745.0,Acres,8649993.0,13,GETTY,2019-10-28,2019,Los Angeles,11610.728859060402,0.0174496644295302
CA-BDF-017550,HILLSIDE,WF,34,117,200.0,Acres,220000.0,6,HILLSIDE,2019-10-31,2019,San Bernardino,1100.0,0.03
CA-SLU-007684,MCMILLAN,WF,36,120,1764.0,Acres,312000.0,0,MCMILLAN,2019-06-12,2019,Kings,176.87074829931973,0.0
CA-SLU-007006,Belmont,WF,35,120,835.0,Acres,70400.0,0,BELMONT,2019-05-30,2019,Santa Barbara,84.31137724550898,0.0
CA-LPF-002048,Snail,WF,35,119,279.0,Acres,1097900.0,0,SNAIL,2019-09-01,2019,Kern,3935.125448028674,0.0
CA-INF-001435,COW,WF,36,118,2025.0,Acres,2101000.0,0,COW,2019-07-25,2019,Kern,1037.530864197531,0.0
CA-SQF-001708,BRODER,WF,36,118,381.0,Acres,613559.0,0,BRODER,2019-08-08,2019,Kern,1610.3910761154855,0.0
CA-SLU-012773,LOPEZ,WF,35,120,220.0,Acres,2000000.0,0,LOPEZ,2019-09-21,2019,Santa Barbara,9090.90909090909,0.0
